JLPT N5;Категория;Кандзи;Кана;Ромадзи;Перевод
N5;Приветствия и вежливые выражения;ありがとう;ありがとう;arigatou;спасибо
N5;Приветствия и вежливые выражения;ありがとうございます;ありがとうございます;arigatou gozaimasu;большое спасибо
N5;Приветствия и вежливые выражения;どうもありがとう;どうもありがとう;doumo arigatou;большое спасибо
N5;Приветствия и вежливые выражения;どうもありがとうございます;どうもありがとうございます;doumo arigatou gozaimasu;большое спасибо (вежливо)
N5;Приветствия и вежливые выражения;どういたしまして;どういたしまして;douitashimashite;не за что
N5;Приветствия и вежливые выражения;おはよう;おはよう;ohayou;доброе утро
N5;Приветствия и вежливые выражения;おはようございます;おはようございます;ohayou gozaimasu;доброе утро (вежливо)
N5;Приветствия и вежливые выражения;こんにちは;こんにちは;konnichiwa;добрый день
N5;Приветствия и вежливые выражения;こんばんは;こんばんは;konbanwa;добрый вечер
N5;Приветствия и вежливые выражения;お休みなさい;おやすみなさい;oyasuminasai;спокойной ночи
N5;Приветствия и вежливые выражения;さようなら;さようなら;sayounara;до свидания (надолго)
N5;Приветствия и вежливые выражения;じゃあ;じゃあ;jaa;ну, тогда… (при прощании)
N5;Приветствия и вежливые выражения;では;では;dewa;ну, тогда… (вежливо)
N5;Приветствия и вежливые выражения;いってきます;いってきます;ittekimasu;я пошел (обещаю вернуться)
N5;Приветствия и вежливые выражения;いってらっしゃい;いってらっしゃい;itterasshai;счастливого пути!
N5;Приветствия и вежливые выражения;ただいま;ただいま;tadaima;я вернулся
N5;Приветствия и вежливые выражения;おかえりなさい;おかえりなさい;okaerinasai;добро пожаловать домой!
N5;Приветствия и вежливые выражения;よろしくお願いします;よろしくおねがいします;yoroshiku onegai shimasu;приятно познакомиться (вежливо)
N5;Приветствия и вежливые выражения;どうぞよろしく;どうぞよろしく;douzo yoroshiku;приятно познакомиться
N5;Приветствия и вежливые выражения;はじめまして;はじめまして;hajimemashite;рад знакомству
N5;Приветствия и вежливые выражения;ごめんなさい;ごめんなさい;gomennasai;извините
N5;Приветствия и вежливые выражения;すみません;すみません;sumimasen;извините (простите)
N5;Приветствия и вежливые выражения;失礼します;しつれいします;shitsurei shimasu;извините за беспокойство (перед входом/уходом)
N5;Приветствия и вежливые выражения;失礼しました;しつれいしました;shitsurei shimashita;прошу прощения (за совершенное действие)
N5;Приветствия и вежливые выражения;いらっしゃいませ;いらっしゃいませ;irasshaimase;добро пожаловать! (в магазине, ресторане)
N5;Приветствия и вежливые выражения;お元気で;おげんきで;ogenki de;берегите себя!
N5;Приветствия и вежливые выражения;さあ;さあ;saa;ну-ка, давай-ка
N5;Приветствия и вежливые выражения;もしもし;もしもし;moshimoshi;алло (по телефону)
N5;Приветствия и вежливые выражения;こちらこそ;こちらこそ;kochirakoso;мне тоже приятно
N5;Приветствия и вежливые выражения;どうも;どうも;doumo;очень, спасибо
N5;Приветствия и вежливые выражения;ではまた;ではまた;dewa mata;тогда до встречи
N5;Приветствия и вежливые выражения;それでは;それでは;soredewa;в таком случае…
N5;Люди и родственники;人;ひと;hito;человек
N5;Люди и родственники;〜人;〜にん;~nin;суффикс количества людей
N5;Люди и родственники;〜達;〜たち;~tachi;суффикс множественного числа для людей
N5;Люди и родственники;私;わたし・わたくし;watashi / watakushi;я (нейтрально/официально)
N5;Люди и родственники;あなた;あなた;anata;вы, ты (вежливо)
N5;Люди и родственники;彼;かれ;kare;он
N5;Люди и родственники;彼女;かのじょ;kanojo;она
N5;Люди и родственники;皆;みんな;minna;все, все присутствующие
N5;Люди и родственники;皆さん;みなさん;minasan;все (уважительно), господа
N5;Люди и родственники;お祖父さん / お爺さん;おじいさん;ojiisan;дедушка
N5;Люди и родственники;祖父;そふ;sofu;дедушка (мой)
N5;Люди и родственники;お祖母さん / お婆さん;おばあさん;obaasan;бабушка
N5;Люди и родственники;祖母;そぼ;sobo;бабушка (моя)
N5;Люди и родственники;両親;りょうしん;ryoushin;родители
N5;Люди и родственники;お父さん;おとうさん;otousan;(вежливо) отец
N5;Люди и родственники;父;ちち;chichi;отец (мой)
N5;Люди и родственники;お母さん;おかあさん;okaasan;(вежливо) мама
N5;Люди и родственники;母;はは;haha;мама (моя)
N5;Люди и родственники;お兄さん;おにいさん;oniisan;(вежливо) старший брат
N5;Люди и родственники;兄;あに;ani;старший брат (мой)
N5;Люди и родственники;お姉さん;おねえさん;oneesan;(вежливо) старшая сестра
N5;Люди и родственники;姉;あね;ane;старшая сестра (моя)
N5;Люди и родственники;弟;おとうと;otouto;младший брат
N5;Люди и родственники;妹;いもうと;imouto;младшая сестра
N5;Люди и родственники;叔父さん / 伯父さん;おじさん;ojisan;дядя
N5;Люди и родственники;叔母さん / 伯母さん;おばさん;obasan;тетя
N5;Люди и родственники;奥さん;おくさん;okusan;(вежливо) жена, супруга
N5;Люди и родственники;家内;かない;kanai;жена (моя)
N5;Люди и родственники;ご主人;ごしゅじん;goshujin;(вежливо) муж
N5;Люди и родственники;主人;しゅじん;shujin;муж (мой)
N5;Люди и родственники;友達;ともだち;tomodachi;друг, приятель
N5;Люди и родственники;先生;せんせい;sensei;учитель, наставник
N5;Люди и родственники;学生;がくせい;gakusei;студент
N5;Люди и родственники;生徒;せいと;seito;ученик
N5;Люди и родственники;先輩;せんぱい;senpai;старший по опыту, наставник
N5;Люди и родственники;後輩;こうはい;kouhai;младший по опыту
N5;Люди и родственники;社長;しゃちょう;shachou;директор компании
N5;Люди и родственники;店員;てんいん;ten'in;продавец, сотрудник магазина
N5;Люди и родственники;医者;いしゃ;isha;врач
N5;Люди и родственники;警官;けいかん;keikan;полицейский
N5;Люди и родственники;お巡りさん;おまわりさん;omawarisan;(разг.) полицейский
N5;Люди и родственники;客;きゃく;kyaku;гость, клиент
N5;Люди и родственники;自分;じぶん;jibun;сам, себя
N5;Люди и родственники;誰;だれ;dare;кто?
N5;Люди и родственники;どなた;どなた;donata;кто? (вежливо)
N5;Числа и счета;一;いち;ichi;один
N5;Числа и счета;二;に;ni;два
N5;Числа и счета;三;さん;san;три
N5;Числа и счета;四;し・よん;shi / yon;четыре
N5;Числа и счета;五;ご;go;пять
N5;Числа и счета;六;ろく;roku;шесть
N5;Числа и счета;七;しち・なな;shichi / nana;семь
N5;Числа и счета;八;はち;hachi;восемь
N5;Числа и счета;九;きゅう・く;kyuu / ku;девять
N5;Числа и счета;十;じゅう;juu;десять
N5;Числа и счета;百;ひゃく;hyaku;сто
N5;Числа и счета;千;せん;sen;тысяча
N5;Числа и счета;万;まん;man;десять тысяч
N5;Числа и счета;一つ;ひとつ;hitotsu;один (при счете предметов)
N5;Числа и счета;二つ;ふたつ;futatsu;два (при счете предметов)
N5;Числа и счета;三つ;みっつ;mittsu;три (при счете предметов)
N5;Числа и счета;四つ;よっつ;yottsu;четыре (при счете предметов)
N5;Числа и счета;五つ;いつつ;itsutsu;пять (при счете предметов)
N5;Числа и счета;六つ;むっつ;muttsu;шесть (при счете предметов)
N5;Числа и счета;七つ;ななつ;nanatsu;семь (при счете предметов)
N5;Числа и счета;八つ;やっつ;yattsu;восемь (при счете предметов)
N5;Числа и счета;九つ;ここのつ;kokonotsu;девять (при счете предметов)
N5;Числа и счета;十;とお;too;десять (при счете предметов)
N5;Числа и счета;一日;ついたち;tsuitachi;первое число месяца
N5;Числа и счета;二日;ふつか;futsuka;второе число месяца, два дня
N5;Числа и счета;三日;みっか;mikka;третье число месяца, три дня
N5;Числа и счета;四日;よっか;yokka;четвертое число месяца, четыре дня
N5;Числа и счета;五日;いつか;itsuka;пятое число месяца, пять дней
N5;Числа и счета;六日;むいか;muika;шестое число месяца, шесть дней
N5;Числа и счета;七日;なのか;nanoka;седьмое число месяца, семь дней
N5;Числа и счета;八日;ようか;youka;восьмое число месяца, восемь дней
N5;Числа и счета;九日;ここのか;kokonoka;девятое число месяца, девять дней
N5;Числа и счета;十日;とおか;tooka;десятое число месяца, десять дней
N5;Числа и счета;二十日;はつか;hatsuka;двадцатое число месяца, двадцать дней
N5;Числа и счета;何;なに・なん;nani / nan;что?
N5;Числа и счета;いくつ;いくつ;ikutsu;сколько (о предметах)?
N5;Числа и счета;いくら;いくら;ikura;сколько стоит?
N5;Числа и счета;何時;なんじ;nanji;который час?
N5;Числа и счета;何日;なんにち;nannichi;какое число? сколько дней?
N5;Числа и счета;何人;なんにん;nannin;сколько человек?
N5;Числа и счета;〜時間;〜じかん;~jikan;…часов (промежуток времени)
N5;Числа и счета;〜分;〜ふん・ぷん;~fun / ~pun;…минут
N5;Числа и счета;〜秒;〜びょう;~byou;…секунд
N5;Числа и счета;〜ヶ月;〜かげつ;~kagetsu;…месяцев
N5;Числа и счета;〜年;〜ねん;~nen;…лет, …год
N5;Числа и счета;〜回;〜かい;~kai;…раз
N5;Числа и счета;〜個;〜こ;~ko;счетный суффикс для мелких предметов
N5;Числа и счета;〜冊;〜さつ;~satsu;счетный суффикс для книг
N5;Числа и счета;〜台;〜だい;~dai;счетный суффикс для машин, механизмов
N5;Числа и счета;〜匹;〜ひき;~hiki;счетный суффикс для мелких животных
N5;Числа и счета;〜本;〜ほん;~hon;счетный суффикс для длинных предметов
N5;Числа и счета;〜杯;〜はい;~hai;счетный суффикс для чашек, стаканов
N5;Числа и счета;〜枚;〜まい;~mai;счетный суффикс для плоских предметов
N5;Числа и счета;〜人;〜にん;~nin;счетный суффикс для людей
N5;Числа и счета;〜歳;〜さい;~sai;…лет (возраст)
N5;Числа и счета;〜度;〜ど;~do;…градусов, …раз
N5;Время и даты;今日;きょう;kyou;сегодня
N5;Время и даты;昨日;きのう;kinou;вчера
N5;Время и даты;明日;あした;ashita;завтра
N5;Время и даты;明後日;あさって;asatte;послезавтра
N5;Время и даты;一昨日;おととい;ototoi;позавчера
N5;Время и даты;今年;ことし;kotoshi;этот год
N5;Время и даты;去年;きょねん;kyonen;прошлый год
N5;Время и даты;来年;らいねん;rainen;следующий год
N5;Время и даты;先月;せんげつ;sengetsu;прошлый месяц
N5;Время и даты;今月;こんげつ;kongetsu;этот месяц
N5;Время и даты;来月;らいげつ;raigetsu;следующий месяц
N5;Время и даты;先週;せんしゅう;senshuu;прошлая неделя
N5;Время и даты;今週;こんしゅう;konshuu;эта неделя
N5;Время и даты;来週;らいしゅう;raishuu;следующая неделя
N5;Время и даты;毎日;まいにち;mainichi;каждый день
N5;Время и даты;毎朝;まいあさ;maiasa;каждое утро
N5;Время и даты;毎晩;まいばん;maiban;каждый вечер
N5;Время и даты;毎週;まいしゅう;maishuu;каждую неделю
N5;Время и даты;毎月;まいげつ・まいつき;maigetsu / maitsuki;каждый месяц
N5;Время и даты;毎年;まいねん;mainen;каждый год
N5;Время и даты;週末;しゅうまつ;shuumatsu;выходные (конец недели)
N5;Время и даты;月曜日;げつようび;getsuyoubi;понедельник
N5;Время и даты;火曜日;かようび;kayoubi;вторник
N5;Время и даты;水曜日;すいようび;suiyoubi;среда
N5;Время и даты;木曜日;もくようび;mokuyoubi;четверг
N5;Время и даты;金曜日;きんようび;kinyoubi;пятница
N5;Время и даты;土曜日;どようび;doyoubi;суббота
N5;Время и даты;日曜日;にちようび;nichiyoubi;воскресенье
N5;Время и даты;何曜日;なんようび;nanyoubi;какой день недели?
N5;Время и даты;午前;ごぜん;gozen;до полудня, первая половина дня
N5;Время и даты;午後;ごご;gogo;после полудня, вторая половина дня
N5;Время и даты;朝;あさ;asa;утро
N5;Время и даты;昼;ひる;hiru;день (дневное время)
N5;Время и даты;夜;よる;yoru;вечер, ночь
N5;Время и даты;今晩;こんばん;konban;сегодня вечером
N5;Время и даты;今夜;こんや;konya;сегодня ночью
N5;Время и даты;昨夜;ゆうべ;yuube;вчера вечером
N5;Время и даты;夕方;ゆうがた;yuugata;вечер, сумерки
N5;Время и даты;〜時間;〜じかん;~jikan;…часов (промежуток времени)
N5;Время и даты;〜分;〜ふん・ぷん;~fun / ~pun;…минут
N5;Время и даты;〜秒;〜びょう;~byou;…секунд
N5;Время и даты;〜日;〜にち;~nichi;…день (число месяца или количество дней)
N5;Время и даты;〜週間;〜しゅうかん;~shuukan;…недель
N5;Время и даты;〜ヶ月;〜かげつ;~kagetsu;…месяцев
N5;Время и даты;〜年;〜ねん;~nen;…лет, …год
N5;Время и даты;何時;なんじ;nanji;который час?
N5;Время и даты;何分;なんぷん;nanpun;сколько минут?
N5;Время и даты;何日;なんにち;nannichi;какое число? сколько дней?
N5;Время и даты;何ヶ月;なんかげつ;nankagetsu;сколько месяцев?
N5;Время и даты;何年;なんねん;nannen;какой год? сколько лет?
N5;Время и даты;今;いま;ima;сейчас
N5;Время и даты;さっき;さっき;sakki;только что (недавно)
N5;Время и даты;もう;もう;mou;уже
N5;Время и даты;まだ;まだ;mada;еще не, пока
N5;Время и даты;いつ;いつ;itsu;когда?
N5;Время и даты;〜頃;〜ころ・〜ごろ;~koro / ~goro;около…, примерно в… (время)
N5;Время и даты;だんだん;だんだん;dandan;постепенно
N5;Природа и погода;山;やま;yama;гора
N5;Природа и погода;川;かわ;kawa;река
N5;Природа и погода;空;そら;sora;небо
N5;Природа и погода;海;うみ;umi;море
N5;Природа и погода;木;き;ki;дерево
N5;Природа и погода;花;はな;hana;цветок
N5;Природа и погода;岩;いわ;iwa;скала
N5;Природа и погода;風;かぜ;kaze;ветер
N5;Природа и погода;雨;あめ;ame;дождь
N5;Природа и погода;雪;ゆき;yuki;снег
N5;Природа и погода;霧;きり;kiri;туман
N5;Природа и погода;雷;かみなり;kaminari;гром, молния
N5;Природа и погода;風邪;かぜ;kaze;"простуда (не путать с ""ветер"")"
N5;Природа и погода;天気;てんき;tenki;погода
N5;Природа и погода;気温;きおん;kion;температура воздуха
N5;Природа и погода;暖かい;あたたかい;atatakai;теплый
N5;Природа и погода;涼しい;すずしい;suzushii;прохладный
N5;Природа и погода;暑い;あつい;atsui;жаркий (о погоде)
N5;Природа и погода;寒い;さむい;samui;холодный (о погоде)
N5;Природа и погода;熱い;あつい;atsui;горячий (о прикосновении)
N5;Природа и погода;冷たい;つめたい;tsumetai;холодный (о прикосновении)
N5;Природа и погода;明るい;あかるい;akarui;светлый
N5;Природа и погода;暗い;くらい;kurai;темный
N5;Природа и погода;晴れ;はれ;hare;ясная погода
N5;Природа и погода;晴れる;はれる;hareru;проясняться, рассеиваться
N5;Природа и погода;曇る;くもる;kumoru;становиться пасмурным
N5;Природа и погода;降る;ふる;furu;идти (об осадках)
N5;Животные;犬;いぬ;inu;собака
N5;Животные;猫;ねこ;neko;кошка
N5;Животные;鳥;とり;tori;птица
N5;Животные;牛;うし;ushi;корова
N5;Животные;馬;うま;uma;лошадь
N5;Животные;魚;さかな;sakana;рыба
N5;Животные;豚;ぶた;buta;свинья
N5;Животные;鶏;にわとり;niwatori;курица (петух)
N5;Животные;動物;どうぶつ;doubutsu;животное
N5;Животные;虫;むし;mushi;насекомое
N5;Животные;豚肉;ぶたにく;butaniku;свинина
N5;Животные;牛肉;ぎゅうにく;gyuuniku;говядина
N5;Животные;鳥肉;とりにく;toriniku;куриное мясо
N5;Животные;鳴く;なく;naku;чирикать, мычать (издавать звук, о животных)
N5;Цвета;色;いろ;iro;цвет
N5;Цвета;赤;あか;aka;красный (цвет)
N5;Цвета;赤い;あかい;akai;красный
N5;Цвета;青;あお;ao;синий (цвет)
N5;Цвета;青い;あおい;aoi;синий, голубой, зеленый
N5;Цвета;白;しろ;shiro;белый (цвет)
N5;Цвета;白い;しろい;shiroi;белый
N5;Цвета;黒;くろ;kuro;черный (цвет)
N5;Цвета;黒い;くろい;kuroi;черный
N5;Цвета;黄色;きいろ;kiiro;желтый (цвет)
N5;Цвета;黄色い;きいろい;kiiroi;желтый
N5;Цвета;茶色;ちゃいろ;chairo;светло-коричневый (цвет)
N5;Цвета;茶色い;ちゃいろい;chairoi;светло-коричневый
N5;Цвета;色々;いろいろ;iroiro;различный, разноцветный
N5;Дом и мебель;家;いえ;ie;дом
N5;Дом и мебель;家;うち;uchi;дом (свой)
N5;Дом и мебель;部屋;へや;heya;комната
N5;Дом и мебель;台所;だいどころ;daidokoro;кухня
N5;Дом и мебель;玄関;げんかん;genkan;прихожая, холл
N5;Дом и мебель;窓;まど;mado;окно
N5;Дом и мебель;扉;とびら;tobira;дверь (традиционная японская)
N5;Дом и мебель;ドア;ドア;doa;дверь (западного типа)
N5;Дом и мебель;階段;かいだん;kaidan;лестница
N5;Дом и мебель;壁;かべ;kabe;стена
N5;Дом и мебель;床;ゆか;yuka;пол
N5;Дом и мебель;天井;てんじょう;tenjou;потолок
N5;Дом и мебель;机;つくえ;tsukue;стол
N5;Дом и мебель;椅子;いす;isu;стул
N5;Дом и мебель;本棚;ほんだな;hondana;книжная полка
N5;Дом и мебель;鏡;かがみ;kagami;зеркало
N5;Дом и мебель;ベッド;ベッド;beddo;кровать
N5;Дом и мебель;布団;ふとん;futon;японский матрас
N5;Дом и мебель;カーテン;カーテン;kaaten;занавески
N5;Дом и мебель;テーブル;テーブル;teeburu;стол (западного типа)
N5;Дом и мебель;ソファー;ソファー;sofaa;диван
N5;Дом и мебель;電気;でんき;denki;электричество, свет
N5;Дом и мебель;ランプ;ランプ;ranpu;лампа
N5;Дом и мебель;時計;とけい;tokei;часы
N5;Дом и мебель;風呂;ふろ;furo;ванна, японская баня
N5;Дом и мебель;シャワー;シャワー;shawaa;душ
N5;Дом и мебель;洗面所;せんめんじょ;senmenjo;умывальник
N5;Дом и мебель;トイレ;トイレ;toire;туалет
N5;Дом и мебель;お手洗い;おてあらい;otearai;уборная (вежливо)
N5;Дом и мебель;冷蔵庫;れいぞうこ;reizouko;холодильник
N5;Дом и мебель;電話;でんわ;denwa;телефон
N5;Дом и мебель;扇風機;せんぷうき;senpuuki;вентилятор
N5;Город и транспорт;町;まち;machi;город, квартал
N5;Город и транспорт;道;みち;michi;дорога, путь, улица
N5;Город и транспорт;交差点;こうさてん;kousaten;перекресток
N5;Город и транспорт;交番;こうばん;kouban;полицейский пост
N5;Город и транспорт;公園;こうえん;kouen;парк
N5;Город и транспорт;図書館;としょかん;toshokan;библиотека
N5;Город и транспорт;銀行;ぎんこう;ginkou;банк
N5;Город и транспорт;映画館;えいがかん;eigakan;кинотеатр
N5;Город и транспорт;レストラン;レストラン;resutoran;ресторан
N5;Город и транспорт;店;みせ;mise;магазин, лавка
N5;Город и транспорт;八百屋;やおや;yaoya;овощная лавка
N5;Город и транспорт;スーパー;スーパー;suupaa;супермаркет
N5;Город и транспорт;デパート;デパート;depaato;универмаг
N5;Город и транспорт;郵便局;ゆうびんきょく;yuubinkyoku;почтовое отделение
N5;Город и транспорт;病院;びょういん;byouin;больница
N5;Город и транспорт;薬局;やっきょく;yakkyoku;аптека
N5;Город и транспорт;学校;がっこう;gakkou;школа
N5;Город и транспорт;大学;だいがく;daigaku;университет
N5;Город и транспорт;会社;かいしゃ;kaisha;компания, фирма
N5;Город и транспорт;大使館;たいしかん;taishikan;посольство
N5;Город и транспорт;駅;えき;eki;станция, вокзал
N5;Город и транспорт;バス;バス;basu;автобус
N5;Город и транспорт;バス停;バスてい;basutei;автобусная остановка
N5;Город и транспорт;電車;でんしゃ;densha;электричка
N5;Город и транспорт;地下鉄;ちかてつ;chikatetsu;метро
N5;Город и транспорт;飛行機;ひこうき;hikouki;самолет
N5;Город и транспорт;車;くるま;kuruma;машина, автомобиль
N5;Город и транспорт;自動車;じどうしゃ;jidousha;автомобиль
N5;Город и транспорт;自転車;じてんしゃ;jitensha;велосипед
N5;Город и транспорт;タクシー;タクシー;takushii;такси
N5;Город и транспорт;エレベーター;エレベーター;erebeetaa;лифт
N5;Город и транспорт;階段;かいだん;kaidan;лестница
N5;Город и транспорт;切符;きっぷ;kippu;билет
N5;Город и транспорт;出口;でぐち;deguchi;выход
N5;Город и транспорт;入口;いりぐち;iriguchi;вход
N5;Город и транспорт;通る;とおる;tooru;проходить, проезжать
N5;Город и транспорт;曲がる;まがる;magaru;поворачивать
N5;Город и транспорт;渡る;わたる;wataru;пересекать, переходить
N5;Еда и напитки;ご飯;ごはん;gohan;вареный рис, еда
N5;Еда и напитки;朝ご飯;あさごはん;asagohan;завтрак
N5;Еда и напитки;昼ご飯;ひるごはん;hirugohan;обед
N5;Еда и напитки;晩ご飯;ばんごはん;bangohan;ужин
N5;Еда и напитки;パン;パン;pan;хлеб
N5;Еда и напитки;肉;にく;niku;мясо
N5;Еда и напитки;魚;さかな;sakana;рыба
N5;Еда и напитки;牛肉;ぎゅうにく;gyuuniku;говядина
N5;Еда и напитки;豚肉;ぶたにく;butaniku;свинина
N5;Еда и напитки;鳥肉;とりにく;toriniku;куриное мясо
N5;Еда и напитки;野菜;やさい;yasai;овощи
N5;Еда и напитки;果物;くだもの;kudamono;фрукты
N5;Еда и напитки;卵;たまご;tamago;яйцо
N5;Еда и напитки;飴;あめ;ame;леденец
N5;Еда и напитки;お菓子;おかし;okashi;сладости
N5;Еда и напитки;砂糖;さとう;satou;сахар
N5;Еда и напитки;塩;しお;shio;соль
N5;Еда и напитки;醤油;しょうゆ;shouyu;соевый соус
N5;Еда и напитки;カレー;カレー;karee;карри
N5;Еда и напитки;弁当;べんとう;bentou;обед в коробке
N5;Еда и напитки;飲み物;のみもの;nomimono;напиток
N5;Еда и напитки;水;みず;mizu;вода
N5;Еда и напитки;お茶;おちゃ;ocha;зеленый чай
N5;Еда и напитки;紅茶;こうちゃ;koucha;черный чай
N5;Еда и напитки;コーヒー;コーヒー;koohii;кофе
N5;Еда и напитки;お酒;おさけ;osake;сакэ, алкоголь
N5;Еда и напитки;牛乳;ぎゅうにゅう;gyuunyuu;молоко
N5;Еда и напитки;料理;りょうり;ryouri;блюдо, кухня (национальная)
N5;Еда и напитки;食べ物;たべもの;tabemono;еда
N5;Еда и напитки;食べる;たべる;taberu;есть, кушать
N5;Еда и напитки;飲む;のむ;nomu;пить
N5;Еда и напитки;いただきます;いただきます;itadakimasu;приятного аппетита (перед едой)
N5;Еда и напитки;ごちそうさまでした;ごちそうさまでした;gochisousama deshita;спасибо за еду (после еды)
N5;Одежда и аксессуары;服;ふく;fuku;одежда
N5;Одежда и аксессуары;上着;うわぎ;uwagi;пиджак, верхняя одежда
N5;Одежда и аксессуары;セーター;セーター;seetaa;свитер
N5;Одежда и аксессуары;スカート;スカート;sukaato;юбка
N5;Одежда и аксессуары;ズボン;ズボン;zubon;брюки
N5;Одежда и аксессуары;ワイシャツ;ワイシャツ;waishatsu;рубашка (белая)
N5;Одежда и аксессуары;靴;くつ;kutsu;обувь, ботинки
N5;Одежда и аксессуары;靴下;くつした;kutsushita;носки
N5;Одежда и аксессуары;帽子;ぼうし;boushi;шляпа, головной убор
N5;Одежда и аксессуары;ネクタイ;ネクタイ;nekutai;галстук
N5;Одежда и аксессуары;手袋;てぶくろ;tebukuro;перчатки
N5;Одежда и аксессуары;眼鏡;めがね;megane;очки
N5;Одежда и аксессуары;ボタン;ボタン;botan;кнопка, пуговица
N5;Одежда и аксессуары;被る;かぶる;kaburu;надевать (на голову)
N5;Одежда и аксессуары;着る;きる;kiru;надевать (одежду)
N5;Одежда и аксессуары;履く;はく;haku;надевать (на ноги)
N5;Работа и учеба;仕事;しごと;shigoto;работа, занятие
N5;Работа и учеба;働く;はたらく;hataraku;работать
N5;Работа и учеба;会社;かいしゃ;kaisha;компания, фирма
N5;Работа и учеба;会社員;かいしゃいん;kaishain;сотрудник компании
N5;Работа и учеба;社長;しゃちょう;shachou;директор компании
N5;Работа и учеба;店員;てんいん;ten'in;продавец, сотрудник магазина
N5;Работа и учеба;医者;いしゃ;isha;врач
N5;Работа и учеба;警官;けいかん;keikan;полицейский
N5;Работа и учеба;お巡りさん;おまわりさん;omawarisan;(разг.) полицейский
N5;Работа и учеба;学校;がっこう;gakkou;школа
N5;Работа и учеба;大学;だいがく;daigaku;университет
N5;Работа и учеба;学生;がくせい;gakusei;студент
N5;Работа и учеба;小学生;しょうがくせい;shougakusei;ученик начальной школы
N5;Работа и учеба;高校生;こうこうせい;koukousei;ученик старшей школы
N5;Работа и учеба;先生;せんせい;sensei;учитель, наставник
N5;Работа и учеба;教室;きょうしつ;kyoushitsu;класс, аудитория
N5;Работа и учеба;授業;じゅぎょう;jugyou;урок, занятие
N5;Работа и учеба;宿題;しゅくだい;shukudai;домашнее задание
N5;Работа и учеба;試験;しけん;shiken;экзамен
N5;Работа и учеба;質問;しつもん;shitsumon;вопрос
N5;Работа и учеба;答える;こたえる;kotaeru;отвечать
N5;Работа и учеба;勉強;べんきょう;benkyou;занятие, учеба
N5;Работа и учеба;習う;ならう;narau;учиться, изучать
N5;Работа и учеба;覚える;おぼえる;oboeru;запоминать
N5;Работа и учеба;忘れる;わすれる;wasureru;забывать
N5;Работа и учеба;書く;かく;kaku;писать
N5;Работа и учеба;読む;よむ;yomu;читать
N5;Работа и учеба;聞く;きく;kiku;слушать, спрашивать
N5;Работа и учеба;話す;はなす;hanasu;говорить, рассказывать
N5;Работа и учеба;言う;いう;iu;говорить, сказать
N5;Работа и учеба;語;ご;go;язык (название языка)
N5;Работа и учеба;日本語;にほんご;nihongo;японский язык
N5;Работа и учеба;英語;えいご;eigo;английский язык
N5;Работа и учеба;辞書;じしょ;jisho;словарь
N5;Работа и учеба;本;ほん;hon;книга
N5;Работа и учеба;ノート;ノート;nooto;записная книжка, тетрадь
N5;Работа и учеба;ペン;ペン;pen;ручка
N5;Работа и учеба;鉛筆;えんぴつ;enpitsu;карандаш
N5;Глаголы действий;する;する;suru;делать
N5;Глаголы действий;ある;ある;aru;быть, находиться (о неодушевленных)
N5;Глаголы действий;いる;いる;iru;быть, находиться (об одушевленных)
N5;Глаголы действий;行く;いく・ゆく;iku / yuku;идти, ехать, направляться
N5;Глаголы действий;来る;くる;kuru;приходить
N5;Глаголы действий;帰る;かえる;kaeru;возвращаться (домой)
N5;Глаголы действий;出る;でる;deru;выходить, появляться
N5;Глаголы действий;入る;はいる;hairu;входить
N5;Глаголы действий;出掛ける;でかける;dekakeru;выходить, отправляться (из дома)
N5;Глаголы действий;歩く;あるく;aruku;ходить пешком
N5;Глаголы действий;走る;はしる;hashiru;бежать, ехать (о машине)
N5;Глаголы действий;乗る;のる;noru;садиться (в транспорт)
N5;Глаголы действий;降りる;おりる;oriru;спускаться, выходить (из транспорта)
N5;Глаголы действий;泳ぐ;およぐ;oyogu;плавать
N5;Глаголы действий;買う;かう;kau;покупать
N5;Глаголы действий;売る;うる;uru;продавать
N5;Глаголы действий;借りる;かりる;kariru;брать взаймы
N5;Глаголы действий;貸す;かす;kasu;одалживать, давать взаймы
N5;Глаголы действий;使う;つかう;tsukau;использовать
N5;Глаголы действий;作る;つくる;tsukuru;делать, изготовлять
N5;Глаголы действий;置く;おく;oku;класть, ставить
N5;Глаголы действий;送る;おくる;okuru;отправлять, посылать
N5;Глаголы действий;待つ;まつ;matsu;ждать
N5;Глаголы действий;会う;あう;au;встречаться, видеться
N5;Глаголы действий;言う;いう;iu;говорить, сказать
N5;Глаголы действий;話す;はなす;hanasu;говорить, разговаривать
N5;Глаголы действий;聞く;きく;kiku;слышать, слушать, спрашивать
N5;Глаголы действий;見る;みる;miru;смотреть
N5;Глаголы действий;見せる;みせる;miseru;показывать
N5;Глаголы действий;書く;かく;kaku;писать
N5;Глаголы действий;読む;よむ;yomu;читать
N5;Глаголы действий;食べる;たべる;taberu;есть, кушать
N5;Глаголы действий;飲む;のむ;nomu;пить
N5;Глаголы действий;寝る;ねる;neru;ложиться спать, спать
N5;Глаголы действий;起きる;おきる;okiru;вставать, просыпаться
N5;Глаголы действий;働く;はたらく;hataraku;работать
N5;Глаголы действий;勉強する;べんきょうする;benkyou suru;учиться, заниматься
N5;Глаголы действий;覚える;おぼえる;oboeru;запоминать
N5;Глаголы действий;忘れる;わすれる;wasureru;забывать
N5;Глаголы действий;練習する;れんしゅうする;renshuu suru;тренироваться, упражняться
N5;Глаголы действий;洗う;あらう;arau;мыть, стирать
N5;Глаголы действий;切る;きる;kiru;резать
N5;Глаголы действий;開ける;あける;akeru;открывать
N5;Глаголы действий;開く;あく;aku;открываться
N5;Глаголы действий;閉める;しめる;shimeru;закрывать
N5;Глаголы действий;閉まる;しまる;shimaru;закрываться
N5;Глаголы действий;直す;なおす;naosu;исправлять, чинить
N5;Глаголы действий;使う;つかう;tsukau;использовать
N5;Глаголы действий;住む;すむ;sumu;жить, проживать
N5;Глаголы действий;知る;しる;shiru;знать
N5;Глаголы действий;思う;おもう;omou;думать, считать
N5;Глаголы действий;泣く;なく;naku;плакать
N5;Глаголы действий;笑う;わらう;warau;смеяться
N5;Глаголы действий;始める;はじめる;hajimeru;начинать
N5;Глаголы действий;始まる;はじまる;hajimaru;начинаться
N5;Глаголы действий;終わる;おわる;owaru;заканчивать, завершаться
N5;Прилагательные;大きい;おおきい;ookii;большой
N5;Прилагательные;小さい;ちいさい;chiisai;маленький
N5;Прилагательные;長い;ながい;nagai;длинный
N5;Прилагательные;短い;みじかい;mijikai;короткий
N5;Прилагательные;高い;たかい;takai;высокий, дорогой
N5;Прилагательные;低い;ひくい;hikui;низкий
N5;Прилагательные;安い;やすい;yasui;дешевый
N5;Прилагательные;近い;ちかい;chikai;близкий
N5;Прилагательные;遠い;とおい;tooi;далекий
N5;Прилагательные;速い;はやい;hayai;быстрый
N5;Прилагательные;遅い;おそい;osoi;медленный, поздний
N5;Прилагательные;明るい;あかるい;akarui;светлый, веселый
N5;Прилагательные;暗い;くらい;kurai;темный
N5;Прилагательные;新しい;あたらしい;atarashii;новый
N5;Прилагательные;古い;ふるい;furui;старый (не о людях)
N5;Прилагательные;良い;いい・よい;ii / yoi;хороший
N5;Прилагательные;悪い;わるい;warui;плохой
N5;Прилагательные;美しい;うつくしい;utsukushii;красивый
N5;Прилагательные;楽しい;たのしい;tanoshii;веселый, приятный
N5;Прилагательные;面白い;おもしろい;omoshiroi;интересный, забавный
N5;Прилагательные;忙しい;いそがしい;isogashii;занятый
N5;Прилагательные;寒い;さむい;samui;холодный (о погоде)
N5;Прилагательные;暑い;あつい;atsui;жаркий (о погоде)
N5;Прилагательные;涼しい;すずしい;suzushii;прохладный
N5;Прилагательные;暖かい;あたたかい;atatakai;теплый
N5;Прилагательные;熱い;あつい;atsui;горячий (на ощупь)
N5;Прилагательные;冷たい;つめたい;tsumetai;холодный (на ощупь)
N5;Прилагательные;強い;つよい;tsuyoi;сильный
N5;Прилагательные;弱い;よわい;yowai;слабый
N5;Прилагательные;重い;おもい;omoi;тяжелый
N5;Прилагательные;軽い;かるい;karui;легкий
N5;Прилагательные;甘い;あまい;amai;сладкий
N5;Прилагательные;辛い;からい;karai;острый (вкус)
N5;Прилагательные;塩辛い;しおからい;shiokarai;соленый
N5;Прилагательные;苦い;にがい;nigai;горький
N5;Прилагательные;酸っぱい;すっぱい;suppai;кислый
N5;Прилагательные;丸い;まるい;marui;круглый
N5;Прилагательные;四角い;しかくい;shikakui;квадратный
N5;Прилагательные;狭い;せまい;semai;узкий, тесный
N5;Прилагательные;広い;ひろい;hiroi;широкий, просторный
N5;Прилагательные;硬い;かたい;katai;твердый
N5;Прилагательные;柔らかい;やわらかい;yawarakai;мягкий
N5;Прилагательные;痛い;いたい;itai;болезненный, больно
N5;Прилагательные;寂しい;さびしい;sabishii;грустный, одинокий
N5;Прилагательные;優しい;やさしい;yasashii;добрый, мягкий
N5;Прилагательные;簡単;かんたん;kantan;простой, легкий
N5;Прилагательные;難しい;むずかしい;muzukashii;сложный, трудный
N5;Направления и местоположение;上;うえ;ue;верх, наверху
N5;Направления и местоположение;下;した;shita;низ, внизу
N5;Направления и местоположение;前;まえ;mae;перед, впереди
N5;Направления и местоположение;後ろ;うしろ;ushiro;сзади, позади
N5;Направления и местоположение;右;みぎ;migi;справа, правый
N5;Направления и местоположение;左;ひだり;hidari;слева, левый
N5;Направления и местоположение;東;ひがし;higashi;восток
N5;Направления и местоположение;西;にし;nishi;запад
N5;Направления и местоположение;南;みなみ;minami;юг
N5;Направления и местоположение;北;きた;kita;север
N5;Направления и местоположение;中;なか;naka;внутри, в середине
N5;Направления и местоположение;外;そと;soto;снаружи, вне
N5;Направления и местоположение;隣;となり;tonari;рядом, по соседству
N5;Направления и местоположение;近く;ちかく;chikaku;поблизости, около
N5;Направления и местоположение;遠く;とおく;tooku;далеко
N5;Направления и местоположение;向こう;むこう;mukou;напротив, по ту сторону
N5;Направления и местоположение;そこ;そこ;soko;там, у тебя
N5;Направления и местоположение;あそこ;あそこ;asoko;там (далеко)
N5;Направления и местоположение;どこ;どこ;doko;где?
N5;Направления и местоположение;こちら;こちら;kochira;здесь, эта сторона (вежливо)
N5;Направления и местоположение;そちら;そちら;sochira;там, у вас (вежливо)
N5;Направления и местоположение;あちら;あちら;achira;вон там (вежливо)
N5;Направления и местоположение;どちら;どちら;dochira;где? (вежливо), который?
N5;Вопросительные слова;何;なに・なん;nani / nan;что?
N5;Вопросительные слова;誰;だれ;dare;кто?
N5;Вопросительные слова;どなた;どなた;donata;кто? (вежливо)
N5;Вопросительные слова;どこ;どこ;doko;где?
N5;Вопросительные слова;どちら;どちら;dochira;где? (вежливо), который из?
N5;Вопросительные слова;どれ;どれ;dore;который? (из нескольких)
N5;Вопросительные слова;どの;どの;dono;который? (перед существительным)
N5;Вопросительные слова;いつ;いつ;itsu;когда?
N5;Вопросительные слова;いくつ;いくつ;ikutsu;сколько? (о количестве)
N5;Вопросительные слова;いくら;いくら;ikura;сколько стоит?
N5;Вопросительные слова;なぜ;なぜ;naze;почему?
N5;Вопросительные слова;どうして;どうして;doushite;почему? как так?
N5;Вопросительные слова;どう;どう;dou;как? каким образом?
N5;Вопросительные слова;どんな;どんな;donna;какой? (каков на вид)
N5;Вопросительные слова;どのくらい;どのくらい;dono kurai;сколько примерно?
N5;Вопросительные слова;何時;なんじ;nanji;который час?
N5;Вопросительные слова;何日;なんにち;nannichi;какое число? сколько дней?
N5;Вопросительные слова;何人;なんにん;nannin;сколько человек?
N5;Вежливые формы и частицы;〜さん;〜さん;~san;суффикс вежливости (господин, госпожа)
N5;Вежливые формы и частицы;〜ちゃん;〜ちゃん;~chan;ласковый суффикс (для детей, близких друзей)
N5;Вежливые формы и частицы;〜くん;〜くん;~kun;суффикс для мальчиков и младших по статусу
N5;Вежливые формы и частицы;〜さま;〜さま;~sama;почтительный суффикс (уважительно)
N5;Вежливые формы и частицы;御〜;ご〜 / お〜;go~/o~;префикс вежливости перед существительными
N5;Вежливые формы и частицы;です;です;desu;связка (быть), вежливый стиль
N5;Вежливые формы и частицы;ます;ます;masu;окончание глагола (вежливый стиль)
N5;Вежливые формы и частицы;でした;でした;deshita;"прошедшая форма ""です"""
N5;Вежливые формы и частицы;ません;ません;masen;"отрицательная форма ""ます"""
N5;Вежливые формы и частицы;ましょう;ましょう;mashou;давайте (предложение действия)
N5;Вежливые формы и частицы;ください;ください;kudasai;пожалуйста (дайте, сделайте)
N5;Вежливые формы и частицы;どうぞ;どうぞ;douzo;пожалуйста (предложение, разрешение)
N5;Вежливые формы и частицы;どうも;どうも;doumo;очень, спасибо
N5;Вежливые формы и частицы;ありがとう;ありがとう;arigatou;спасибо
N5;Вежливые формы и частицы;ありがとうございます;ありがとうございます;arigatou gozaimasu;большое спасибо (вежливо)
N5;Вежливые формы и частицы;どういたしまして;どういたしまして;douitashimashite;не за что
N5;Вежливые формы и частицы;ごめんなさい;ごめんなさい;gomennasai;извините
N5;Вежливые формы и частицы;すみません;すみません;sumimasen;извините, простите
N5;Вежливые формы и частицы;失礼します;しつれいします;shitsurei shimasu;извините за беспокойство (вежливо)
N5;Вежливые формы и частицы;いらっしゃいませ;いらっしゃいませ;irasshaimase;добро пожаловать! (в магазине)
N5;Вежливые формы и частицы;よろしくお願いします;よろしくおねがいします;yoroshiku onegai shimasu;приятно познакомиться (вежливо)
N5;Вежливые формы и частицы;はい;はい;hai;да
N5;Вежливые формы и частицы;いいえ;いいえ;iie;нет
N5;Вежливые формы и частицы;ええ;ええ;ee;да (разговорное)
N5;Вежливые формы и частицы;うん;うん;un;"ага (разговорное ""да"")"
N5;Вежливые формы и частицы;いや;いや;iya;нет (разговорное, неодобрительное)
N5;Вежливые формы и частицы;もしもし;もしもし;moshimoshi;алло (по телефону)
N5;Вежливые формы и частицы;〜が;〜が;~ga;но, однако
N5;Вежливые формы и частицы;〜けど;〜けど;~kedo;но, однако (разговорное)
N5;Вежливые формы и частицы;〜の;〜の;~no;вопросительная частица (разговорная)
N5;Вежливые формы и частицы;〜ね;〜ね;~ne;да, правда? (выражение согласия)
N5;Вежливые формы и частицы;〜よ;〜よ;~yo;частица утверждения, восклицания
N5;Вежливые формы и частицы;〜から;〜から;~kara;потому что, из-за
N5;Вежливые формы и частицы;〜ので;〜ので;~node;потому что (более вежливо)
N5;Вежливые формы и частицы;でも;でも;demo;но, однако, тем не менее
N5;Вежливые формы и частицы;そして;そして;soshite;затем, потом
N5;Вежливые формы и частицы;それから;それから;sorekara;после этого, затем
N5;Вежливые формы и частицы;だから;だから;dakara;поэтому, таким образом
N5;Вежливые формы и частицы;どうして;どうして;doushite;почему?
N5;Вежливые формы и частицы;たぶん;たぶん;tabun;возможно, наверное
N5;Вежливые формы и частицы;もちろん;もちろん;mochiron;конечно
N5;Вежливые формы и частицы;いちばん;いちばん;ichiban;самый, номер один
N5;Вежливые формы и частицы;もっと;もっと;motto;больше
N5;Вежливые формы и частицы;すごく;すごく;sugoku;очень, сильно
N5;Вежливые формы и частицы;ずっと;ずっと;zutto;всегда, все время